{
  "IsEncrypted": false,
  "Values": {
    "AzureWebJobsStorage":"DefaultEndpointsProtocol=https;AccountName=lees1ddoaistg01;AccountKey=csSA5kaTMu6dBLkn4fbV7Uj8REa9sPUyvQmG9lShU45Na1O9JCYP3/OibP9CdD0sOaeUr1Bs5J/d+AStb5IFMg==;EndpointSuffix=core.windows.net",
    "FUNCTIONS_WORKER_RUNTIME": "python",
    "AZURE_STORAGE_CONNECTION_STRING": "DefaultEndpointsProtocol=https;AccountName=lees1ddoaistg01;AccountKey=csSA5kaTMu6dBLkn4fbV7Uj8REa9sPUyvQmG9lShU45Na1O9JCYP3/OibP9CdD0sOaeUr1Bs5J/d+AStb5IFMg==;EndpointSuffix=core.windows.net",
    "AZURE_STORAGE_KEY":"csSA5kaTMu6dBLkn4fbV7Uj8REa9sPUyvQmG9lShU45Na1O9JCYP3/OibP9CdD0sOaeUr1Bs5J/d+AStb5IFMg==",
    "PYTHONPATH": "C:\\Users\\jewel.roy\\Desktop\\KABProjects\\Version3\\.venv\\Scripts\\python.exe",
    "LOCAL_CSV_PATH" : "C:\\Users\\jewel.roy\\Desktop\\KABProjects\\Version3",
    "CORS": "http://localhost:3000",
    "TABLE_NAME": "UsersData",
    "EMAIL_SERVER": "smtp.office365.com", 
    "EMAIL_PORT": "587",
    "EMAIL_FROM": "littersense.kab@gmail.com",
    "EMAIL_PASSWORD": "ghsj bopo ehos npne",
    "JWT_SECRET_KEY": "csSA5kaTMu6dBLkn4fbV7Uj8REa9sPUyvQmG9lShU45Na1O9JCYP3/OibP9CdD0sOaeUr1Bs5J/d+AStb5IFMg=="

  }
}